"","date","locality","site","bar","station","tran_length","elev_m"
"1","5/23/2010","CR","N",1,"CRN1","10",0.0015
"2","5/23/2010","CR","N",1,"CRN1","12.5",5e-04
"3","5/23/2010","CR","N",1,"CRN1","7.5",-0.006
"4","5/23/2010","CR","N",1,"CRN1","5",-0.9525
"5","5/23/2010","CR","N",1,"CRN1","20.3",-1.0375
"6","5/23/2010","CR","N",1,"CRN1","2.5",-1.1275
"7","5/23/2010","CR","N",1,"CRN1","15",-0.0105
"8","5/23/2010","CR","N",1,"CRN1","17.5",-1.0225
"9","5/23/2010","CR","N",1,"CRN1","20",-1.0375
"10","5/24/2010","CR","I",1,"CRI1","23.4",-0.5
"11","5/24/2010","CR","I",1,"CRI1","10",0.025
"12","5/24/2010","CR","I",1,"CRI1","12.5",0.07
"13","5/24/2010","CR","I",1,"CRI1","22.5",-0.5
"14","5/24/2010","CR","I",1,"CRI1","7.5",0.09
"15","5/24/2010","CR","I",1,"CRI1","2.5",-0.51
"16","5/24/2010","CR","I",1,"CRI1","15",0.055
"17","5/24/2010","CR","I",1,"CRI1","17.5",-0.035
"18","5/24/2010","CR","I",1,"CRI1","20",-0.345
"19","5/24/2010","CR","I",1,"CRI1","5",-0.14
"20","5/24/2010","CR","N",3,"CRN3","15",0.192
"21","5/24/2010","CR","N",3,"CRN3","17.5",0.192
"22","5/24/2010","CR","N",3,"CRN3","20",0.172
"23","5/24/2010","CR","N",3,"CRN3","35",-0.608
"24","5/24/2010","CR","N",3,"CRN3","12.5",0.092
"25","5/24/2010","CR","N",3,"CRN3","22.5",0.092
"26","5/24/2010","CR","N",3,"CRN3","32.5",-0.468
"27","5/24/2010","CR","N",3,"CRN3","30",-0.368
"28","5/24/2010","CR","N",3,"CRN3","7.5",-0.268
"29","5/24/2010","CR","N",3,"CRN3","5",-0.353
"30","5/24/2010","CR","N",3,"CRN3","2.5",-0.528
"31","5/24/2010","CR","N",3,"CRN3","25",0.042
"32","5/24/2010","CR","N",3,"CRN3","27.5",-0.018
"33","5/24/2010","CR","N",3,"CRN3","10",-0.018
"34","5/24/2010","CR","O",1,"CRO1","20",0.268
"35","5/24/2010","CR","O",1,"CRO1","22.5",0.233
"36","5/24/2010","CR","O",1,"CRO1","25",0.168
"37","5/24/2010","CR","O",1,"CRO1","27.5",0.148
"38","5/24/2010","CR","O",1,"CRO1","30",0.128
"39","5/24/2010","CR","O",1,"CRO1","32.5",0.098
"40","5/24/2010","CR","O",1,"CRO1","37.5",0.038
"41","5/24/2010","CR","O",1,"CRO1","47.5",-0.102
"42","5/24/2010","CR","O",1,"CRO1","50",-0.162
"43","5/24/2010","CR","O",1,"CRO1","17.5",0.348
"44","5/24/2010","CR","O",1,"CRO1","12.5",0.308
"45","5/24/2010","CR","O",1,"CRO1","35",0.048
"46","5/24/2010","CR","O",1,"CRO1","15",0.388
"47","5/24/2010","CR","O",1,"CRO1","40",-0.002
"48","5/24/2010","CR","O",1,"CRO1","42.5",-0.002
"49","5/24/2010","CR","O",1,"CRO1","45",-0.057
"50","5/24/2010","CR","O",1,"CRO1","10",0.248
"51","5/24/2010","CR","O",1,"CRO1","5",-0.077
"52","5/24/2010","CR","O",1,"CRO1","7.5",0.098
"53","5/24/2010","CR","O",1,"CRO1","2.5",-0.342
"54","5/24/2010","CR","O",2,"CRO2","7.5",0.193
"55","5/24/2010","CR","O",2,"CRO2","2.5",-0.127
"56","5/24/2010","CR","O",2,"CRO2","5",0.083
"57","5/24/2010","CR","O",2,"CRO2","42.5",-0.217
"58","5/24/2010","CR","O",2,"CRO2","45",-0.217
"59","5/24/2010","CR","O",2,"CRO2","15",0.078
"60","5/24/2010","CR","O",2,"CRO2","40",-0.217
"61","5/24/2010","CR","O",2,"CRO2","10",0.098
"62","5/24/2010","CR","O",2,"CRO2","17.5",0.068
"63","5/24/2010","CR","O",2,"CRO2","25",-0.217
"64","5/24/2010","CR","O",2,"CRO2","37.5",-0.217
"65","5/24/2010","CR","O",2,"CRO2","12.5",0.083
"66","5/24/2010","CR","O",2,"CRO2","22.5",0.003
"67","5/24/2010","CR","O",2,"CRO2","20",0.043
"68","5/24/2010","CR","O",2,"CRO2","30",-0.217
"69","5/24/2010","CR","O",2,"CRO2","32.5",-0.217
"70","5/24/2010","CR","O",2,"CRO2","27.5",-0.217
"71","5/24/2010","CR","O",2,"CRO2","35",-0.217
"72","5/24/2010","CR","O",3,"CRO3","17.5",-0.083
"73","5/24/2010","CR","O",3,"CRO3","5",-0.098
"74","5/24/2010","CR","O",3,"CRO3","12.5",-0.113
"75","5/24/2010","CR","O",3,"CRO3","30",-0.588
"76","5/24/2010","CR","O",3,"CRO3","32.5",-0.643
"77","5/24/2010","CR","O",3,"CRO3","35",-0.713
"78","5/24/2010","CR","O",3,"CRO3","10",-0.113
"79","5/24/2010","CR","O",3,"CRO3","15",-0.113
"80","5/24/2010","CR","O",3,"CRO3","22.5",-0.323
"81","5/24/2010","CR","O",3,"CRO3","27.5",-0.543
"82","5/24/2010","CR","O",3,"CRO3","37.5",-0.753
"83","5/24/2010","CR","O",3,"CRO3","40",-0.783
"84","5/24/2010","CR","O",3,"CRO3","2.5",-0.493
"85","5/24/2010","CR","O",3,"CRO3","25",-0.513
"86","5/24/2010","CR","O",3,"CRO3","7.5",-0.133
"87","5/24/2010","CR","O",3,"CRO3","20",-0.188
"88","5/24/2010","CR ","N",2,"CRN2","12.5",0.232
"89","5/24/2010","CR ","N",2,"CRN2","15",-0.128
"90","5/24/2010","CR ","N",2,"CRN2","17.5",-0.288
"91","5/24/2010","CR ","N",2,"CRN2","7.5",-0.348
"92","5/24/2010","CR ","N",2,"CRN2","21.64",-0.468
"93","5/24/2010","CR ","N",2,"CRN2","20",-0.468
"94","5/24/2010","CR ","N",2,"CRN2","10",-0.023
"95","5/24/2010","CR ","N",2,"CRN2","5",-0.438
"96","5/24/2010","CR ","N",2,"CRN2","2.5",-0.593
"97","5/25/2010","HB","I",1,"HBI1","5",-0.245
"98","5/25/2010","HB","I",1,"HBI1","7.5",-0.135
"99","5/25/2010","HB","I",1,"HBI1","22.5",-0.025
"100","5/25/2010","HB","I",1,"HBI1","20",-0.015
"101","5/25/2010","HB","I",1,"HBI1","15",-0.025
"102","5/25/2010","HB","I",1,"HBI1","10",-0.07
"103","5/25/2010","HB","I",1,"HBI1","30",-0.125
"104","5/25/2010","HB","I",1,"HBI1","2.5",-0.535
"105","5/25/2010","HB","I",1,"HBI1","12.5",-0.05
"106","5/25/2010","HB","I",1,"HBI1","25",-0.03
"107","5/25/2010","HB","I",1,"HBI1","32.5",-0.335
"108","5/25/2010","HB","I",1,"HBI1","17.5",-0.015
"109","5/25/2010","HB","I",1,"HBI1","27.5",-0.055
"110","5/25/2010","HB","I",2,"HBI2","16",-0.213
"111","5/25/2010","HB","I",2,"HBI2","7.5",-0.058
"112","5/25/2010","HB","I",2,"HBI2","2.5",-0.253
"113","5/25/2010","HB","I",2,"HBI2","12.5",-0.093
"114","5/25/2010","HB","I",2,"HBI2","10",-0.053
"115","5/25/2010","HB","I",2,"HBI2","5",-0.083
"116","5/25/2010","HB","I",2,"HBI2","15",-0.213
"117","5/25/2010","HB","I",3,"HBI3","26",-0.472
"118","5/25/2010","HB","I",3,"HBI3","17.5",0.088
"119","5/25/2010","HB","I",3,"HBI3","22.5",-0.152
"120","5/25/2010","HB","I",3,"HBI3","20",-0.002
"121","5/25/2010","HB","I",3,"HBI3","2.5",-0.572
"122","5/25/2010","HB","I",3,"HBI3","12.5",0.063
"123","5/25/2010","HB","I",3,"HBI3","5",-0.352
"124","5/25/2010","HB","I",3,"HBI3","25",-0.472
"125","5/25/2010","HB","I",3,"HBI3","15",0.098
"126","5/25/2010","HB","I",3,"HBI3","10",0.048
"127","5/25/2010","HB","I",3,"HBI3","7.5",-0.162
"135","5/25/2010","HB","N",1,"HBN1","12.5",-0.45
"136","5/25/2010","HB","N",1,"HBN1","2.5",-0.565
"137","5/25/2010","HB","N",1,"HBN1","5",-0.46
"138","5/25/2010","HB","N",1,"HBN1","18.1",-0.6
"139","5/25/2010","HB","N",1,"HBN1","7.5",-0.48
"140","5/25/2010","HB","N",1,"HBN1","15",-0.58
"141","5/25/2010","HB","N",1,"HBN1","10",-0.445
"142","5/25/2010","HB","N",2,"HBN2","5",-0.591
"143","5/25/2010","HB","N",2,"HBN2","20",-0.436
"144","5/25/2010","HB","N",2,"HBN2","17.5",-0.496
"145","5/25/2010","HB","N",2,"HBN2","2.5",-0.626
"146","5/25/2010","HB","N",2,"HBN2","23.3",-0.441
"147","5/25/2010","HB","N",2,"HBN2","15",-0.496
"148","5/25/2010","HB","N",2,"HBN2","10",-0.551
"149","5/25/2010","HB","N",2,"HBN2","7.5",-0.566
"150","5/25/2010","HB","N",2,"HBN2","12.5",-0.536
"151","5/25/2010","HB","N",3,"HBN3","16.5",-0.661
"152","5/25/2010","HB","N",3,"HBN3","7.5",-0.511
"153","5/25/2010","HB","N",3,"HBN3","15",-0.661
"154","5/25/2010","HB","N",3,"HBN3","12.5",-0.551
"155","5/25/2010","HB","N",3,"HBN3","5",-0.576
"156","5/25/2010","HB","N",3,"HBN3","10",-0.491
"157","5/25/2010","HB","N",3,"HBN3","2.5",-0.711
"158","5/25/2010","HB","O",1,"HBO1","15",-0.525
"159","5/25/2010","HB","O",1,"HBO1","17.5",-0.525
"160","5/25/2010","HB","O",1,"HBO1","20",-0.525
"161","5/25/2010","HB","O",1,"HBO1","12.5",-0.545
"162","5/25/2010","HB","O",1,"HBO1","31.2",-0.545
"163","5/25/2010","HB","O",1,"HBO1","10",-0.555
"164","5/25/2010","HB","O",1,"HBO1","7.5",-0.605
"165","5/25/2010","HB","O",1,"HBO1","5",-0.745
"166","5/25/2010","HB","O",1,"HBO1","2.5",-0.855
"167","5/25/2010","HB","O",1,"HBO1","22.5",-0.855
"168","5/25/2010","HB","O",1,"HBO1","27.5",-0.605
"169","5/25/2010","HB","O",1,"HBO1","25",-0.745
"170","5/25/2010","HB","O",1,"HBO1","30",-0.555
"198","5/25/2010","LC","N",2,"LCN2","7.5",0.196
"199","5/25/2010","LC","N",2,"LCN2","2.5",0.071
"200","5/25/2010","LC","N",2,"LCN2","5",0.106
"201","5/25/2010","LC","N",2,"LCN2","17.7",0.106
"202","5/25/2010","LC","N",2,"LCN2","10",0.226
"203","5/25/2010","LC","N",2,"LCN2","15",0.266
"204","5/25/2010","LC","N",2,"LCN2","12.5",0.236
"205","5/26/2010","LC","I",1,"LCI1","20",-0.115
"206","5/26/2010","LC","I",1,"LCI1","2.5",-0.165
"207","5/26/2010","LC","I",1,"LCI1","17.5",0.18
"208","5/26/2010","LC","I",1,"LCI1","15",0.245
"209","5/26/2010","LC","I",1,"LCI1","10",0.225
"210","5/26/2010","LC","I",1,"LCI1","12.5",0.235
"211","5/26/2010","LC","I",1,"LCI1","7.5",0.195
"212","5/26/2010","LC","I",1,"LCI1","5",0.07
"213","5/26/2010","LC","I",2,"LCI2","20.29",-0.087
"214","5/26/2010","LC","I",2,"LCI2","20",-0.087
"215","5/26/2010","LC","I",2,"LCI2","17.5",0.033
"216","5/26/2010","LC","I",2,"LCI2","2.5",-0.147
"217","5/26/2010","LC","I",2,"LCI2","7.5",0.123
"218","5/26/2010","LC","I",2,"LCI2","12.5",0.103
"219","5/26/2010","LC","I",2,"LCI2","15",0.063
"220","5/26/2010","LC","I",2,"LCI2","10",0.123
"221","5/26/2010","LC","I",2,"LCI2","5",0.073
"222","5/26/2010","LC","I",3,"LCI3","20",0.109
"223","5/26/2010","LC","I",3,"LCI3","12.5",0.439
"224","5/26/2010","LC","I",3,"LCI3","5",0.389
"225","5/26/2010","LC","I",3,"LCI3","10",0.439
"226","5/26/2010","LC","I",3,"LCI3","2.5",0.129
"227","5/26/2010","LC","I",3,"LCI3","7.5",0.469
"228","5/26/2010","LC","I",3,"LCI3","15",0.419
"229","5/26/2010","LC","I",3,"LCI3","17.5",0.309
"230","5/26/2010","LC","N",1,"LCN1","10",0.062
"231","5/26/2010","LC","N",1,"LCN1","5",-0.023
"232","5/26/2010","LC","N",1,"LCN1","7.5",-0.003
"233","5/26/2010","LC","N",1,"LCN1","12.3",0.062
"234","5/26/2010","LC","N",1,"LCN1","2.5",-0.093
"235","5/26/2010","LC","N",3,"LCN6","30",-0.52
"236","5/26/2010","LC","N",3,"LCN6","32.6",-0.6
"237","5/26/2010","LC","N",3,"LCN6","15",-0.08
"238","5/26/2010","LC","N",3,"LCN6","25",-0.41
"239","5/26/2010","LC","N",3,"LCN6","2.5",-0.61
"240","5/26/2010","LC","N",3,"LCN6","22.5",-0.35
"241","5/26/2010","LC","N",3,"LCN6","17.5",-0.19
"242","5/26/2010","LC","N",3,"LCN6","12.5",-0.04
"243","5/26/2010","LC","N",3,"LCN6","10",-0.01
"244","5/26/2010","LC","N",3,"LCN6","5",-0.28
"245","5/26/2010","LC","N",3,"LCN6","20",-0.3
"246","5/26/2010","LC","N",3,"LCN6","7.5",-0.1
"247","5/26/2010","LC","N",3,"LCN6","27.5",-0.445
"271","5/27/2010","CK","I",1,"CKI1","17.5",-0.049
"272","5/27/2010","CK","I",1,"CKI1","2.5",-0.239
"273","5/27/2010","CK","I",1,"CKI1","7.5",0.011
"274","5/27/2010","CK","I",1,"CKI1","20",-0.014
"275","5/27/2010","CK","I",1,"CKI1","25",-0.204
"276","5/27/2010","CK","I",1,"CKI1","10",0.041
"277","5/27/2010","CK","I",1,"CKI1","12.5",0.031
"278","5/27/2010","CK","I",1,"CKI1","22.5",-0.049
"279","5/27/2010","CK","I",1,"CKI1","15",0.011
"280","5/27/2010","CK","I",1,"CKI1","5",0.051
"281","5/27/2010","CK","I",2,"CKI2","30",-0.259
"282","5/27/2010","CK","I",2,"CKI2","2.5",-0.324
"283","5/27/2010","CK","I",2,"CKI2","25",0.141
"284","5/27/2010","CK","I",2,"CKI2","5",-0.149
"285","5/27/2010","CK","I",2,"CKI2","17.5",0.011
"286","5/27/2010","CK","I",2,"CKI2","20",0.021
"287","5/27/2010","CK","I",2,"CKI2","7.5",-0.094
"288","5/27/2010","CK","I",2,"CKI2","27.5",-0.039
"289","5/27/2010","CK","I",2,"CKI2","22.5",0.016
"290","5/27/2010","CK","I",2,"CKI2","15",-0.019
"291","5/27/2010","CK","I",2,"CKI2","10",-0.069
"292","5/27/2010","CK","I",2,"CKI2","12.5",-0.009
"302","5/27/2010","CK","N",1,"CKN1","15.3",0.504
"303","5/27/2010","CK","N",1,"CKN1","7.5",0.824
"304","5/27/2010","CK","N",1,"CKN1","12.5",0.634
"305","5/27/2010","CK","N",1,"CKN1","10",0.669
"306","5/27/2010","CK","N",1,"CKN1","2.5",0.504
"307","5/27/2010","CK","N",1,"CKN1","5",0.724
"308","5/27/2010","CK","N",1,"CKN1","15",0.504
"309","5/27/2010","CK","N",2,"CKN2","30",-0.048
"310","5/27/2010","CK","N",2,"CKN2","32.5",-0.098
"311","5/27/2010","CK","N",2,"CKN2","27.5",-0.153
"312","5/27/2010","CK","N",2,"CKN2","25",-0.208
"313","5/27/2010","CK","N",2,"CKN2","22.5",-0.258
"314","5/27/2010","CK","N",2,"CKN2","20",-0.288
"315","5/27/2010","CK","N",2,"CKN2","17.5",-0.348
"316","5/27/2010","CK","N",2,"CKN2","15",-0.408
"317","5/27/2010","CK","N",2,"CKN2","37.5",-0.518
"318","5/27/2010","CK","N",2,"CKN2","7.5",-0.528
"319","5/27/2010","CK","N",2,"CKN2","5",-0.598
"320","5/27/2010","CK","N",2,"CKN2","2.5",-0.668
"321","5/27/2010","CK","N",2,"CKN2","12.5",-0.438
"322","5/27/2010","CK","N",2,"CKN2","10",-0.478
"323","5/27/2010","CK","N",2,"CKN2","40",-0.518
"324","5/27/2010","CK","N",2,"CKN2","41",-0.518
"325","5/27/2010","CK","N",2,"CKN2","35",-0.418
"326","5/27/2010","CK","N",3,"CKN3","7.5",-0.063
"327","5/27/2010","CK","N",3,"CKN3","5",-0.133
"328","5/27/2010","CK","N",3,"CKN3","2.5",-0.343
"329","5/27/2010","CK","N",3,"CKN3","16.5",-0.033
"330","5/27/2010","CK","N",3,"CKN3","10",0.928
"331","5/27/2010","CK","N",3,"CKN3","15",-0.033
"332","5/27/2010","CK","N",3,"CKN3","12.5",0.9305
"354","5/27/2010","CK","O",3,"CKO3","30",0.091
"355","5/27/2010","CK","O",3,"CKO3","27.5",0.051
"356","5/27/2010","CK","O",3,"CKO3","22.5",-0.004
"357","5/27/2010","CK","O",3,"CKO3","33",-0.029
"358","5/27/2010","CK","O",3,"CKO3","7.5",-0.449
"359","5/27/2010","CK","O",3,"CKO3","5",-0.459
"360","5/27/2010","CK","O",3,"CKO3","17.5",-0.089
"361","5/27/2010","CK","O",3,"CKO3","25",0.041
"362","5/27/2010","CK","O",3,"CKO3","20",-0.029
"363","5/27/2010","CK","O",3,"CKO3","15",-0.084
"364","5/27/2010","CK","O",3,"CKO3","10",-0.314
"365","5/27/2010","CK","O",3,"CKO3","12.5",-0.029
"367","5/27/2010","CR","I",2,"CRI2","12.5",-0.054
"368","5/27/2010","CR","I",2,"CRI2","15",-0.087
"369","5/27/2010","CR","I",2,"CRI2","10",-0.054
"370","5/27/2010","CR","I",2,"CRI2","18.6",-0.114
"371","5/27/2010","CR","I",2,"CRI2","7.5",-0.074
"372","5/27/2010","CR","I",2,"CRI2","2.5",-0.459
"373","5/27/2010","CR","I",2,"CRI2","17.5",-0.114
"374","5/27/2010","CR","I",2,"CRI2","5",-0.114
"375","5/27/2010","CR","I",3,"CRI3","10",-0.108
"376","5/27/2010","CR","I",3,"CRI3","7.5",-0.173
"377","5/27/2010","CR","I",3,"CRI3","2.5",-0.483
"378","5/27/2010","CR","I",3,"CRI3","14",-0.163
"379","5/27/2010","CR","I",3,"CRI3","12.5",-0.163
"380","5/27/2010","CR","I",3,"CRI3","5",-0.153
"381","7/6/2010","CR","I",2,"CRI2","7.5",-0.074
"382","7/6/2010","CR","I",2,"CRI2","10",-0.054
"383","7/6/2010","CR","I",2,"CRI2","12.5",-0.054
"384","7/6/2010","CR","I",2,"CRI2","18.6",-0.114
"385","7/6/2010","CR","I",2,"CRI2","5",-0.114
"386","7/6/2010","CR","I",2,"CRI2","15",-0.087
"387","7/6/2010","CR","I",2,"CRI2","2.5",-0.459
"388","7/6/2010","CR","I",2,"CRI2","17.5",-0.114
"389","7/6/2010","CR","O",1,"CRO1","15",0.388
"390","7/6/2010","CR","O",1,"CRO1","17.5",0.348
"391","7/6/2010","CR","O",1,"CRO1","12.5",0.308
"392","7/6/2010","CR","O",1,"CRO1","20",0.268
"393","7/6/2010","CR","O",1,"CRO1","10",0.248
"394","7/6/2010","CR","O",1,"CRO1","22.5",0.233
"395","7/6/2010","CR","O",1,"CRO1","25",0.168
"396","7/6/2010","CR","O",1,"CRO1","27.5",0.148
"397","7/6/2010","CR","O",1,"CRO1","30",0.128
"398","7/6/2010","CR","O",1,"CRO1","32.5",0.098
"399","7/6/2010","CR","O",1,"CRO1","35",0.048
"400","7/6/2010","CR","O",1,"CRO1","37.5",0.038
"401","7/6/2010","CR","O",1,"CRO1","40",-0.002
"402","7/6/2010","CR","O",1,"CRO1","42.5",-0.002
"403","7/6/2010","CR","O",1,"CRO1","45",-0.057
"404","7/6/2010","CR","O",1,"CRO1","47.5",-0.102
"405","7/6/2010","CR","O",1,"CRO1","50",-0.162
"406","7/6/2010","CR","O",1,"CRO1","2.5",-0.342
"407","7/6/2010","CR","O",1,"CRO1","5",-0.077
"408","7/6/2010","CR","O",1,"CRO1","7.5",0.098
"409","7/6/2010","CR","O",3,"CRO3","17.5",-0.083
"410","7/6/2010","CR","O",3,"CRO3","5",-0.098
"411","7/6/2010","CR","O",3,"CRO3","10",-0.113
"412","7/6/2010","CR","O",3,"CRO3","12.5",-0.113
"413","7/6/2010","CR","O",3,"CRO3","15",-0.113
"414","7/6/2010","CR","O",3,"CRO3","7.5",-0.133
"415","7/6/2010","CR","O",3,"CRO3","2.5",-0.493
"416","7/6/2010","CR","O",3,"CRO3","20",-0.188
"417","7/6/2010","CR","O",3,"CRO3","21",-0.188
"428","7/7/2010","HB","I",1,"HBI1","5",-0.245
"429","7/7/2010","HB","I",1,"HBI1","7.5",-0.135
"430","7/7/2010","HB","I",1,"HBI1","22.5",-0.025
"431","7/7/2010","HB","I",1,"HBI1","2.5",-0.535
"432","7/7/2010","HB","I",1,"HBI1","20",-0.015
"433","7/7/2010","HB","I",1,"HBI1","15",-0.025
"434","7/7/2010","HB","I",1,"HBI1","17.5",-0.015
"435","7/7/2010","HB","I",1,"HBI1","12.5",-0.05
"436","7/7/2010","HB","I",1,"HBI1","32.5",-0.335
"437","7/7/2010","HB","I",1,"HBI1","25",-0.03
"438","7/7/2010","HB","I",1,"HBI1","10",-0.07
"439","7/7/2010","HB","I",1,"HBI1","30",-0.125
"440","7/7/2010","HB","I",1,"HBI1","27.5",-0.055
"441","7/7/2010","HB","I",2,"HBI2","17.5",-0.393
"442","7/7/2010","HB","I",2,"HBI2","10",-0.053
"443","7/7/2010","HB","I",2,"HBI2","15",-0.213
"444","7/7/2010","HB","I",2,"HBI2","12.5",-0.093
"445","7/7/2010","HB","I",2,"HBI2","7.5",-0.058
"446","7/7/2010","HB","I",2,"HBI2","2.5",-0.253
"447","7/7/2010","HB","I",2,"HBI2","5",-0.083
"448","7/7/2010","HB","I",3,"HBI3","25.9",-0.472
"449","7/7/2010","HB","I",3,"HBI3","22.5",-0.152
"450","7/7/2010","HB","I",3,"HBI3","17.5",0.088
"451","7/7/2010","HB","I",3,"HBI3","2.5",-0.572
"452","7/7/2010","HB","I",3,"HBI3","20",-0.002
"453","7/7/2010","HB","I",3,"HBI3","25",-0.472
"454","7/7/2010","HB","I",3,"HBI3","12.5",0.063
"455","7/7/2010","HB","I",3,"HBI3","15",0.098
"456","7/7/2010","HB","I",3,"HBI3","5",-0.352
"457","7/7/2010","HB","I",3,"HBI3","10",0.048
"458","7/7/2010","HB","I",3,"HBI3","7.5",-0.162
"459","7/7/2010","HB","N",1,"HBN1","18",-0.6
"460","7/7/2010","HB","N",1,"HBN1","17.5",-0.6
"461","7/7/2010","HB","N",1,"HBN1","7.5",-0.48
"462","7/7/2010","HB","N",1,"HBN1","2.5",-0.565
"463","7/7/2010","HB","N",1,"HBN1","15",-0.58
"464","7/7/2010","HB","N",1,"HBN1","12.5",-0.45
"465","7/7/2010","HB","N",1,"HBN1","5",-0.46
"466","7/7/2010","HB","N",1,"HBN1","10",-0.445
"467","7/7/2010","HB","N",3,"HBN3","17.5",-0.751
"468","7/7/2010","HB","N",3,"HBN3","2.5",-0.711
"469","7/7/2010","HB","N",3,"HBN3","7.5",-0.511
"470","7/7/2010","HB","N",3,"HBN3","10",-0.491
"471","7/7/2010","HB","N",3,"HBN3","15",-0.661
"472","7/7/2010","HB","N",3,"HBN3","5",-0.576
"473","7/7/2010","HB","N",3,"HBN3","12.5",-0.551
"491","7/7/2010","HB","O",1,"HBO1","27.5",-0.505
"492","7/7/2010","HB","O",1,"HBO1","2.5",-0.525
"493","7/7/2010","HB","O",1,"HBO1","10",-0.745
"494","7/7/2010","HB","O",1,"HBO1","31.5",-0.745
"495","7/7/2010","HB","O",1,"HBO1","15",-0.555
"496","7/7/2010","HB","O",1,"HBO1","12.5",-0.605
"497","7/7/2010","HB","O",1,"HBO1","30",-0.855
"498","7/7/2010","HB","O",1,"HBO1","5",-0.525
"499","7/7/2010","HB","O",1,"HBO1","20",-0.525
"500","7/7/2010","HB","O",1,"HBO1","22.5",-0.525
"501","7/7/2010","HB","O",1,"HBO1","7.5",-0.855
"502","7/7/2010","HB","O",1,"HBO1","17.5",-0.545
"503","7/7/2010","HB","O",1,"HBO1","25",-0.53
"504","7/7/2010","HB ","N",2,"HBN2","23.5",-0.441
"505","7/7/2010","HB ","N",2,"HBN2","7.5",-0.566
"506","7/7/2010","HB ","N",2,"HBN2","12.5",-0.536
"507","7/7/2010","HB ","N",2,"HBN2","10",-0.551
"508","7/7/2010","HB ","N",2,"HBN2","22.5",-0.441
"509","7/7/2010","HB ","N",2,"HBN2","15",-0.496
"510","7/7/2010","HB ","N",2,"HBN2","2.5",-0.626
"511","7/7/2010","HB ","N",2,"HBN2","17.5",-0.496
"512","7/7/2010","HB ","N",2,"HBN2","5",-0.591
"513","7/7/2010","HB ","N",2,"HBN2","20",-0.436
"514","7/8/2010","LC","I",1,"LCI1","2.5",-0.165
"515","7/8/2010","LC","I",1,"LCI1","20",-0.115
"516","7/8/2010","LC","I",1,"LCI1","17.5",0.18
"517","7/8/2010","LC","I",1,"LCI1","15",0.245
"518","7/8/2010","LC","I",1,"LCI1","10",0.225
"519","7/8/2010","LC","I",1,"LCI1","12.5",0.235
"520","7/8/2010","LC","I",1,"LCI1","7.5",0.195
"521","7/8/2010","LC","I",1,"LCI1","5",0.07
"522","7/8/2010","LC","I",2,"LCI2","20.2",-0.087
"523","7/8/2010","LC","I",2,"LCI2","17.5",0.033
"524","7/8/2010","LC","I",2,"LCI2","7.5",0.123
"525","7/8/2010","LC","I",2,"LCI2","12.5",0.103
"526","7/8/2010","LC","I",2,"LCI2","15",0.063
"527","7/8/2010","LC","I",2,"LCI2","10",0.123
"528","7/8/2010","LC","I",2,"LCI2","5",0.073
"529","7/8/2010","LC","I",2,"LCI2","2.5",-0.147
"530","7/8/2010","LC","I",3,"LCI3","19.4",0.309
"531","7/8/2010","LC","I",3,"LCI3","12.5",0.439
"532","7/8/2010","LC","I",3,"LCI3","5",0.389
"533","7/8/2010","LC","I",3,"LCI3","7.5",0.469
"534","7/8/2010","LC","I",3,"LCI3","17.5",0.309
"535","7/8/2010","LC","I",3,"LCI3","2.5",0.129
"536","7/8/2010","LC","I",3,"LCI3","10",0.439
"537","7/8/2010","LC","I",3,"LCI3","15",0.419
"538","7/8/2010","LC","N",1,"LCN1","12.5",0.062
"539","7/8/2010","LC","N",1,"LCN1","5",-0.023
"540","7/8/2010","LC","N",1,"LCN1","10",0.062
"541","7/8/2010","LC","N",1,"LCN1","2.5",-0.093
"542","7/8/2010","LC","N",1,"LCN1","7.5",-0.003
"543","7/8/2010","LC","N",2,"LCN2","17.5",0.106
"544","7/8/2010","LC","N",2,"LCN2","15",0.266
"545","7/8/2010","LC","N",2,"LCN2","18.25",0.106
"546","7/8/2010","LC","N",2,"LCN2","2.5",0.071
"547","7/8/2010","LC","N",2,"LCN2","12.5",0.236
"548","7/8/2010","LC","N",2,"LCN2","7.5",0.196
"549","7/8/2010","LC","N",2,"LCN2","5",0.106
"550","7/8/2010","LC","N",2,"LCN2","10",0.226
"559","7/8/2010","LC","N",5,"LCN9","10",-0.055
"560","7/8/2010","LC","N",5,"LCN9","7.5",-0.105
"561","7/8/2010","LC","N",5,"LCN9","2.5",-0.165
"562","7/8/2010","LC","N",5,"LCN9","36",-0.305
"563","7/8/2010","LC","N",5,"LCN9","20",-0.115
"564","7/8/2010","LC","N",5,"LCN9","32.5",-0.255
"565","7/8/2010","LC","N",5,"LCN9","5",-0.12
"566","7/8/2010","LC","N",5,"LCN9","27.5",-0.2
"567","7/8/2010","LC","N",5,"LCN9","30",-0.245
"568","7/8/2010","LC","N",5,"LCN9","22.5",-0.145
"569","7/8/2010","LC","N",5,"LCN9","12.5",-0.035
"570","7/8/2010","LC","N",5,"LCN9","25",-0.165
"571","7/8/2010","LC","N",5,"LCN9","17.5",-0.055
"572","7/8/2010","LC","N",5,"LCN9","15",0.125
"596","7/9/2010","CK","I",1,"CKI1","5",0.051
"597","7/9/2010","CK","I",1,"CKI1","2.5",-0.239
"598","7/9/2010","CK","I",1,"CKI1","25",-0.204
"599","7/9/2010","CK","I",1,"CKI1","20",-0.014
"600","7/9/2010","CK","I",1,"CKI1","17.5",-0.049
"601","7/9/2010","CK","I",1,"CKI1","7.5",0.011
"602","7/9/2010","CK","I",1,"CKI1","10",0.041
"603","7/9/2010","CK","I",1,"CKI1","15",0.011
"604","7/9/2010","CK","I",1,"CKI1","22.5",-0.049
"605","7/9/2010","CK","I",1,"CKI1","12.5",0.031
"608","7/9/2010","CK","I",2,"CKI2","2.5",-0.324
"609","7/9/2010","CK","I",2,"CKI2","25",0.141
"610","7/9/2010","CK","I",2,"CKI2","17.5",0.011
"611","7/9/2010","CK","I",2,"CKI2","7.5",-0.094
"612","7/9/2010","CK","I",2,"CKI2","20",0.021
"613","7/9/2010","CK","I",2,"CKI2","10",-0.069
"614","7/9/2010","CK","I",2,"CKI2","12.5",-0.009
"615","7/9/2010","CK","I",2,"CKI2","15",-0.019
"616","7/9/2010","CK","I",2,"CKI2","22.5",0.016
"617","7/9/2010","CK","I",2,"CKI2","5",-0.149
"627","7/9/2010","CK","N",1,"CKN1","7.5",0.824
"628","7/9/2010","CK","N",1,"CKN1","12.5",0.634
"629","7/9/2010","CK","N",1,"CKN1","10",0.669
"630","7/9/2010","CK","N",1,"CKN1","15",0.504
"631","7/9/2010","CK","N",1,"CKN1","2.5",0.504
"632","7/9/2010","CK","N",1,"CKN1","5",0.724
"633","7/9/2010","CK","N",2,"CKN2","30",-0.048
"634","7/9/2010","CK","N",2,"CKN2","27.5",-0.153
"635","7/9/2010","CK","N",2,"CKN2","25",-0.208
"636","7/9/2010","CK","N",2,"CKN2","22.5",-0.258
"637","7/9/2010","CK","N",2,"CKN2","17.5",-0.348
"638","7/9/2010","CK","N",2,"CKN2","15",-0.408
"639","7/9/2010","CK","N",2,"CKN2","12.5",-0.438
"640","7/9/2010","CK","N",2,"CKN2","10",-0.478
"641","7/9/2010","CK","N",2,"CKN2","5",-0.598
"642","7/9/2010","CK","N",2,"CKN2","2.5",-0.668
"643","7/9/2010","CK","N",2,"CKN2","7.5",-0.528
"644","7/9/2010","CK","N",2,"CKN2","20",-0.288
"645","7/9/2010","CK","N",2,"CKN2","32.5",-0.098
"646","7/9/2010","CK","N",2,"CKN2","35",-0.418
"647","7/9/2010","CK","N",3,"CKN3","2.5",-0.343
"648","7/9/2010","CK","N",3,"CKN3","7.5",-0.063
"649","7/9/2010","CK","N",3,"CKN3","5",-0.133
"650","7/9/2010","CK","N",3,"CKN3","17.5",-0.183
"651","7/9/2010","CK","N",3,"CKN3","12.5",0.9305
"652","7/9/2010","CK","N",3,"CKN3","10",0.928
"653","7/9/2010","CK","N",3,"CKN3","15",-0.033
"675","7/9/2010","CK","O",3,"CKO3","30",0.091
"676","7/9/2010","CK","O",3,"CKO3","27.5",0.051
"677","7/9/2010","CK","O",3,"CKO3","25",0.041
"678","7/9/2010","CK","O",3,"CKO3","22.5",-0.004
"679","7/9/2010","CK","O",3,"CKO3","20",-0.029
"680","7/9/2010","CK","O",3,"CKO3","33",-0.029
"681","7/9/2010","CK","O",3,"CKO3","15",-0.084
"682","7/9/2010","CK","O",3,"CKO3","5",-0.459
"683","7/9/2010","CK","O",3,"CKO3","17.5",-0.089
"684","7/9/2010","CK","O",3,"CKO3","7.5",-0.449
"685","7/9/2010","CK","O",3,"CKO3","10",-0.314
"686","7/9/2010","CK","O",3,"CKO3","12.5",-0.029
"688","7/9/2010","CR","I",1,"CRI1","23.3",-0.5
"689","7/9/2010","CR","I",1,"CRI1","2.5",-0.51
"690","7/9/2010","CR","I",1,"CRI1","10",0.025
"691","7/9/2010","CR","I",1,"CRI1","7.5",0.09
"692","7/9/2010","CR","I",1,"CRI1","22.5",-0.5
"693","7/9/2010","CR","I",1,"CRI1","20",-0.345
"694","7/9/2010","CR","I",1,"CRI1","12.5",0.07
"695","7/9/2010","CR","I",1,"CRI1","15",0.055
"696","7/9/2010","CR","I",1,"CRI1","17.5",-0.035
"697","7/9/2010","CR","I",1,"CRI1","5",-0.14
"698","7/9/2010","CR","I",3,"CRI3","10",-0.108
"699","7/9/2010","CR","I",3,"CRI3","7.5",-0.173
"700","7/9/2010","CR","I",3,"CRI3","15",-0.613
"701","7/9/2010","CR","I",3,"CRI3","12.5",-0.163
"702","7/9/2010","CR","I",3,"CRI3","2.5",-0.483
"703","7/9/2010","CR","I",3,"CRI3","5",-0.153
"704","7/9/2010","CR","N",1,"CRN1","12.5",5e-04
"705","7/9/2010","CR","N",1,"CRN1","17.5",-1.0225
"706","7/9/2010","CR","N",1,"CRN1","10",0.0015
"707","7/9/2010","CR","N",1,"CRN1","7.5",-0.006
"708","7/9/2010","CR","N",1,"CRN1","20.5",-1.0375
"709","7/9/2010","CR","N",1,"CRN1","15",-0.0105
"710","7/9/2010","CR","N",1,"CRN1","2.5",-1.1275
"711","7/9/2010","CR","N",1,"CRN1","5",-0.9525
"712","7/9/2010","CR","N",2,"CRN2","12.5",0.232
"713","7/9/2010","CR","N",2,"CRN2","15",-0.128
"714","7/9/2010","CR","N",2,"CRN2","7.5",-0.348
"715","7/9/2010","CR","N",2,"CRN2","10",-0.023
"716","7/9/2010","CR","N",2,"CRN2","2.5",-0.593
"717","7/9/2010","CR","N",2,"CRN2","5",-0.438
"718","7/9/2010","CR","N",2,"CRN2","21.6",-0.468
"719","7/9/2010","CR","N",2,"CRN2","17.5",-0.288
"720","7/9/2010","CR","N",2,"CRN2","20",-0.468
"721","7/10/2010","CR","N",3,"CRN3","15",0.192
"722","7/10/2010","CR","N",3,"CRN3","17.5",0.192
"723","7/10/2010","CR","N",3,"CRN3","12.5",0.092
"724","7/10/2010","CR","N",3,"CRN3","10",-0.018
"725","7/10/2010","CR","N",3,"CRN3","20",0.172
"726","7/10/2010","CR","N",3,"CRN3","5",-0.353
"727","7/10/2010","CR","N",3,"CRN3","30",-0.368
"728","7/10/2010","CR","N",3,"CRN3","27.5",-0.018
"729","7/10/2010","CR","N",3,"CRN3","2.5",-0.528
"730","7/10/2010","CR","N",3,"CRN3","22.5",0.092
"731","7/10/2010","CR","N",3,"CRN3","7.5",-0.268
"732","7/10/2010","CR","N",3,"CRN3","25",0.042
"733","8/5/2010","CR","I",1,"CRI1","10",0.025
"734","8/5/2010","CR","I",1,"CRI1","22",-0.345
"735","8/5/2010","CR","I",1,"CRI1","2.5",-0.51
"736","8/5/2010","CR","I",1,"CRI1","20",-0.345
"737","8/5/2010","CR","I",1,"CRI1","12.5",0.07
"738","8/5/2010","CR","I",1,"CRI1","7.5",0.09
"739","8/5/2010","CR","I",1,"CRI1","17.5",-0.035
"740","8/5/2010","CR","I",1,"CRI1","5",-0.14
"741","8/5/2010","CR","I",1,"CRI1","15",0.055
"742","8/5/2010","CR","I",2,"CRI2","10",-0.054
"743","8/5/2010","CR","I",2,"CRI2","12.5",-0.054
"744","8/5/2010","CR","I",2,"CRI2","15",-0.087
"745","8/5/2010","CR","I",2,"CRI2","18.5",-0.114
"746","8/5/2010","CR","I",2,"CRI2","7.5",-0.074
"747","8/5/2010","CR","I",2,"CRI2","5",-0.114
"748","8/5/2010","CR","I",2,"CRI2","2.5",-0.459
"749","8/5/2010","CR","I",2,"CRI2","17.5",-0.114
"750","8/5/2010","CR","I",3,"CRI3","7.5",-0.173
"751","8/5/2010","CR","I",3,"CRI3","5",-0.153
"752","8/5/2010","CR","I",3,"CRI3","13",-0.163
"753","8/5/2010","CR","I",3,"CRI3","10",-0.108
"754","8/5/2010","CR","I",3,"CRI3","12.5",-0.163
"755","8/5/2010","CR","I",3,"CRI3","2.5",-0.483
"756","8/5/2010","CR","N",1,"CRN1","12.5",5e-04
"757","8/5/2010","CR","N",1,"CRN1","7.5",-0.006
"758","8/5/2010","CR","N",1,"CRN1","15",-0.0105
"759","8/5/2010","CR","N",1,"CRN1","17.5",-1.0225
"760","8/5/2010","CR","N",1,"CRN1","10",0.0015
"761","8/5/2010","CR","N",1,"CRN1","5",-0.9525
"762","8/5/2010","CR","N",1,"CRN1","2.5",-1.1275
"763","8/5/2010","CR","N",2,"CRN2","12.5",0.232
"764","8/5/2010","CR","N",2,"CRN2","10",-0.023
"765","8/5/2010","CR","N",2,"CRN2","5",-0.438
"766","8/5/2010","CR","N",2,"CRN2","20",-0.468
"767","8/5/2010","CR","N",2,"CRN2","2.5",-0.593
"768","8/5/2010","CR","N",2,"CRN2","15",-0.128
"769","8/5/2010","CR","N",2,"CRN2","17.5",-0.288
"770","8/5/2010","CR","N",2,"CRN2","7.5",-0.348
"771","8/5/2010","CR","N",3,"CRN3","15",0.192
"772","8/5/2010","CR","N",3,"CRN3","17.5",0.192
"773","8/5/2010","CR","N",3,"CRN3","15",0.192
"774","8/5/2010","CR","N",3,"CRN3","17.5",0.192
"775","8/5/2010","CR","N",3,"CRN3","20",0.172
"776","8/5/2010","CR","N",3,"CRN3","12.5",0.092
"777","8/5/2010","CR","N",3,"CRN3","20",0.172
"778","8/5/2010","CR","N",3,"CRN3","12.5",0.092
"779","8/5/2010","CR","N",3,"CRN3","22.5",0.092
"780","8/5/2010","CR","N",3,"CRN3","22.5",0.092
"781","8/5/2010","CR","N",3,"CRN3","25",0.042
"782","8/5/2010","CR","N",3,"CRN3","32.5",-0.468
"783","8/5/2010","CR","N",3,"CRN3","30",-0.368
"784","8/5/2010","CR","N",3,"CRN3","2.5",-0.528
"785","8/5/2010","CR","N",3,"CRN3","7.5",-0.268
"786","8/5/2010","CR","N",3,"CRN3","5",-0.353
"787","8/5/2010","CR","N",3,"CRN3","27.5",-0.018
"788","8/5/2010","CR","N",3,"CRN3","7.5",-0.268
"789","8/5/2010","CR","N",3,"CRN3","32",-0.368
"790","8/5/2010","CR","N",3,"CRN3","30",-0.368
"791","8/5/2010","CR","N",3,"CRN3","5",-0.353
"792","8/5/2010","CR","N",3,"CRN3","27.5",-0.018
"793","8/5/2010","CR","N",3,"CRN3","25",0.042
"794","8/5/2010","CR","N",3,"CRN3","10",-0.018
"795","8/5/2010","CR","N",3,"CRN3","10",-0.018
"796","8/5/2010","CR","N",3,"CRN3","2.5",-0.528
"797","8/5/2010","CR","O",1,"CRO1","15",0.388
"798","8/5/2010","CR","O",1,"CRO1","17.5",0.348
"799","8/5/2010","CR","O",1,"CRO1","12.5",0.308
"800","8/5/2010","CR","O",1,"CRO1","20",0.268
"801","8/5/2010","CR","O",1,"CRO1","10",0.248
"802","8/5/2010","CR","O",1,"CRO1","22.5",0.233
"803","8/5/2010","CR","O",1,"CRO1","25",0.168
"804","8/5/2010","CR","O",1,"CRO1","27.5",0.148
"805","8/5/2010","CR","O",1,"CRO1","30",0.128
"806","8/5/2010","CR","O",1,"CRO1","7.5",0.098
"807","8/5/2010","CR","O",1,"CRO1","32.5",0.098
"808","8/5/2010","CR","O",1,"CRO1","35",0.048
"809","8/5/2010","CR","O",1,"CRO1","37.5",0.038
"810","8/5/2010","CR","O",1,"CRO1","40",-0.002
"811","8/5/2010","CR","O",1,"CRO1","42.5",-0.002
"812","8/5/2010","CR","O",1,"CRO1","45",-0.057
"813","8/5/2010","CR","O",1,"CRO1","47.5",-0.102
"814","8/5/2010","CR","O",1,"CRO1","50",-0.162
"815","8/5/2010","CR","O",1,"CRO1","52.5",-0.162
"816","8/5/2010","CR","O",1,"CRO1","55",-0.162
"817","8/5/2010","CR","O",1,"CRO1","57.5",-0.162
"818","8/5/2010","CR","O",1,"CRO1","5",-0.077
"819","8/5/2010","CR","O",1,"CRO1","2.5",-0.342
"820","8/5/2010","CR","O",2,"CRO2","10",0.098
"821","8/5/2010","CR","O",2,"CRO2","5",0.083
"822","8/5/2010","CR","O",2,"CRO2","2.5",-0.127
"823","8/5/2010","CR","O",2,"CRO2","40",-0.217
"824","8/5/2010","CR","O",2,"CRO2","42.5",-0.217
"825","8/5/2010","CR","O",2,"CRO2","45",-0.217
"826","8/5/2010","CR","O",2,"CRO2","7.5",0.193
"827","8/5/2010","CR","O",2,"CRO2","35",-0.217
"828","8/5/2010","CR","O",2,"CRO2","32.5",-0.217
"829","8/5/2010","CR","O",2,"CRO2","37.5",-0.217
"830","8/5/2010","CR","O",2,"CRO2","12.5",0.083
"831","8/5/2010","CR","O",2,"CRO2","22.5",0.003
"832","8/5/2010","CR","O",2,"CRO2","15",0.078
"833","8/5/2010","CR","O",2,"CRO2","20",0.043
"834","8/5/2010","CR","O",2,"CRO2","25",-0.217
"835","8/5/2010","CR","O",2,"CRO2","30",-0.217
"836","8/5/2010","CR","O",2,"CRO2","17.5",0.068
"837","8/5/2010","CR","O",2,"CRO2","27.5",-0.217
"838","8/5/2010","CR","O",3,"CRO3","17.5",-0.083
"839","8/5/2010","CR","O",3,"CRO3","5",-0.098
"840","8/5/2010","CR","O",3,"CRO3","10",-0.113
"841","8/5/2010","CR","O",3,"CRO3","15",-0.113
"842","8/5/2010","CR","O",3,"CRO3","7.5",-0.133
"843","8/5/2010","CR","O",3,"CRO3","22.5",-0.323
"844","8/5/2010","CR","O",3,"CRO3","2.5",-0.493
"845","8/5/2010","CR","O",3,"CRO3","25",-0.513
"846","8/5/2010","CR","O",3,"CRO3","27.5",-0.543
"847","8/5/2010","CR","O",3,"CRO3","30",-0.588
"848","8/5/2010","CR","O",3,"CRO3","32.5",-0.643
"849","8/5/2010","CR","O",3,"CRO3","35",-0.713
"850","8/5/2010","CR","O",3,"CRO3","12.5",-0.113
"851","8/5/2010","CR","O",3,"CRO3","20",-0.188
"852","8/6/2010","HB","I",1,"HBI1","5",-0.245
"853","8/6/2010","HB","I",1,"HBI1","7.5",-0.135
"854","8/6/2010","HB","I",1,"HBI1","10",-0.07
"855","8/6/2010","HB","I",1,"HBI1","15",-0.025
"856","8/6/2010","HB","I",1,"HBI1","22.5",-0.025
"857","8/6/2010","HB","I",1,"HBI1","30",-0.125
"858","8/6/2010","HB","I",1,"HBI1","2.5",-0.535
"859","8/6/2010","HB","I",1,"HBI1","12.5",-0.05
"860","8/6/2010","HB","I",1,"HBI1","17.5",-0.015
"861","8/6/2010","HB","I",1,"HBI1","25",-0.03
"862","8/6/2010","HB","I",1,"HBI1","20",-0.015
"863","8/6/2010","HB","I",1,"HBI1","27.5",-0.055
"864","8/6/2010","HB","I",1,"HBI1","32",-0.125
"865","8/6/2010","HB","I",2,"HBI2","17.5",-0.393
"866","8/6/2010","HB","I",2,"HBI2","2.5",-0.253
"867","8/6/2010","HB","I",2,"HBI2","7.5",-0.058
"868","8/6/2010","HB","I",2,"HBI2","10",-0.053
"869","8/6/2010","HB","I",2,"HBI2","5",-0.083
"870","8/6/2010","HB","I",2,"HBI2","12.5",-0.093
"871","8/6/2010","HB","I",2,"HBI2","15",-0.213
"872","8/6/2010","HB","I",3,"HBI3","27.5",-0.562
"873","8/6/2010","HB","I",3,"HBI3","25",-0.472
"874","8/6/2010","HB","I",3,"HBI3","22.5",-0.152
"875","8/6/2010","HB","I",3,"HBI3","17.5",0.088
"876","8/6/2010","HB","I",3,"HBI3","20",-0.002
"877","8/6/2010","HB","I",3,"HBI3","12.5",0.063
"878","8/6/2010","HB","I",3,"HBI3","2.5",-0.572
"879","8/6/2010","HB","I",3,"HBI3","15",0.098
"880","8/6/2010","HB","I",3,"HBI3","10",0.048
"881","8/6/2010","HB","I",3,"HBI3","5",-0.352
"882","8/6/2010","HB","I",3,"HBI3","7.5",-0.162
"883","8/6/2010","HB","N",1,"HBN1","12.5",-0.45
"884","8/6/2010","HB","N",1,"HBN1","2.5",-0.565
"885","8/6/2010","HB","N",1,"HBN1","5",-0.46
"886","8/6/2010","HB","N",1,"HBN1","18",-0.6
"887","8/6/2010","HB","N",1,"HBN1","7.5",-0.48
"888","8/6/2010","HB","N",1,"HBN1","10",-0.445
"889","8/6/2010","HB","N",1,"HBN1","15",-0.58
"890","8/6/2010","HB","N",2,"HBN2","25",-0.666
"891","8/6/2010","HB","N",2,"HBN2","20",-0.436
"892","8/6/2010","HB","N",2,"HBN2","10",-0.551
"893","8/6/2010","HB","N",2,"HBN2","2.5",-0.626
"894","8/6/2010","HB","N",2,"HBN2","12.5",-0.536
"895","8/6/2010","HB","N",2,"HBN2","22.5",-0.441
"896","8/6/2010","HB","N",2,"HBN2","5",-0.591
"897","8/6/2010","HB","N",2,"HBN2","15",-0.496
"898","8/6/2010","HB","N",2,"HBN2","7.5",-0.566
"899","8/6/2010","HB","N",2,"HBN2","17.5",-0.496
"900","8/6/2010","HB","N",3,"HBN3","2.5",-0.711
"901","8/6/2010","HB","N",3,"HBN3","17.5",-0.751
"902","8/6/2010","HB","N",3,"HBN3","5",-0.576
"903","8/6/2010","HB","N",3,"HBN3","7.5",-0.511
"904","8/6/2010","HB","N",3,"HBN3","15",-0.661
"905","8/6/2010","HB","N",3,"HBN3","12.5",-0.551
"906","8/6/2010","HB","N",3,"HBN3","10",-0.491
"907","8/6/2010","HB","O",1,"HBO1","5",-0.555
"908","8/6/2010","HB","O",1,"HBO1","17.5",-0.505
"909","8/6/2010","HB","O",1,"HBO1","25",-0.605
"910","8/6/2010","HB","O",1,"HBO1","22.5",-0.745
"911","8/6/2010","HB","O",1,"HBO1","10",-0.525
"912","8/6/2010","HB","O",1,"HBO1","7.5",-0.545
"913","8/6/2010","HB","O",1,"HBO1","27.5",-0.555
"914","8/6/2010","HB","O",1,"HBO1","12.5",-0.525
"915","8/6/2010","HB","O",1,"HBO1","15",-0.53
"916","8/6/2010","HB","O",1,"HBO1","30",-0.545
"917","8/6/2010","HB","O",1,"HBO1","20",-0.855
"918","8/6/2010","HB","O",1,"HBO1","32.5",-0.525
"919","8/6/2010","HB","O",1,"HBO1","2.5",-0.605
"920","8/7/2010","LC","I",1,"LCI1","20",-0.115
"921","8/7/2010","LC","I",1,"LCI1","12.5",0.235
"922","8/7/2010","LC","I",1,"LCI1","2.5",-0.165
"923","8/7/2010","LC","I",1,"LCI1","17.5",0.18
"924","8/7/2010","LC","I",1,"LCI1","10",0.225
"925","8/7/2010","LC","I",1,"LCI1","5",0.07
"926","8/7/2010","LC","I",1,"LCI1","15",0.245
"927","8/7/2010","LC","I",1,"LCI1","7.5",0.195
"928","8/7/2010","LC","I",2,"LCI2","20",-0.087
"929","8/7/2010","LC","I",2,"LCI2","2.5",-0.147
"930","8/7/2010","LC","I",2,"LCI2","17.5",0.033
"931","8/7/2010","LC","I",2,"LCI2","7.5",0.123
"932","8/7/2010","LC","I",2,"LCI2","15",0.063
"933","8/7/2010","LC","I",2,"LCI2","12.5",0.103
"934","8/7/2010","LC","I",2,"LCI2","10",0.123
"935","8/7/2010","LC","I",2,"LCI2","5",0.073
"936","8/7/2010","LC","I",3,"LCI3","20",0.109
"937","8/7/2010","LC","I",3,"LCI3","2.5",0.129
"938","8/7/2010","LC","I",3,"LCI3","12.5",0.439
"939","8/7/2010","LC","I",3,"LCI3","17.5",0.309
"940","8/7/2010","LC","I",3,"LCI3","10",0.439
"941","8/7/2010","LC","I",3,"LCI3","7.5",0.469
"942","8/7/2010","LC","I",3,"LCI3","5",0.389
"943","8/7/2010","LC","I",3,"LCI3","15",0.419
"944","8/7/2010","LC","N",1,"LCN1","5",-0.023
"945","8/7/2010","LC","N",1,"LCN1","10",0.062
"946","8/7/2010","LC","N",1,"LCN1","2.5",-0.093
"947","8/7/2010","LC","N",1,"LCN1","7.5",-0.003
"948","8/7/2010","LC","N",1,"LCN1","12.2",0.062
"953","8/7/2010","LC","N",2,"LCN2","3",0.071
"954","8/7/2010","LC","N",2,"LCN2","18",0.106
"955","8/7/2010","LC","N",2,"LCN2","33",0.106
"956","8/7/2010","LC","N",3,"LCN6","30",-0.52
"957","8/7/2010","LC","N",3,"LCN6","32",-0.52
"958","8/7/2010","LC","N",3,"LCN6","2.5",-0.61
"959","8/7/2010","LC","N",3,"LCN6","27.5",-0.445
"960","8/7/2010","LC","N",3,"LCN6","20",-0.3
"961","8/7/2010","LC","N",3,"LCN6","22.5",-0.35
"962","8/7/2010","LC","N",3,"LCN6","25",-0.41
"963","8/7/2010","LC","N",3,"LCN6","17.5",-0.19
"964","8/7/2010","LC","N",3,"LCN6","15",-0.08
"965","8/7/2010","LC","N",3,"LCN6","5",-0.28
"966","8/7/2010","LC","N",3,"LCN6","12.5",-0.04
"967","8/7/2010","LC","N",3,"LCN6","7.5",-0.1
"968","8/7/2010","LC","N",3,"LCN6","10",-0.01
"997","8/8/2010","CK","I",1,"CKI1","2.5",-0.239
"998","8/8/2010","CK","I",1,"CKI1","17.5",-0.049
"999","8/8/2010","CK","I",1,"CKI1","25",-0.204
"1000","8/8/2010","CK","I",1,"CKI1","7.5",0.011
"1001","8/8/2010","CK","I",1,"CKI1","15",0.011
"1002","8/8/2010","CK","I",1,"CKI1","20",-0.014
"1003","8/8/2010","CK","I",1,"CKI1","5",0.051
"1004","8/8/2010","CK","I",1,"CKI1","10",0.041
"1005","8/8/2010","CK","I",1,"CKI1","12.5",0.031
"1006","8/8/2010","CK","I",1,"CKI1","22.5",-0.049
"1007","8/8/2010","CK","I",2,"CKI2","30",-0.259
"1008","8/8/2010","CK","I",2,"CKI2","2.5",-0.324
"1009","8/8/2010","CK","I",2,"CKI2","5",-0.149
"1010","8/8/2010","CK","I",2,"CKI2","10",-0.069
"1011","8/8/2010","CK","I",2,"CKI2","7.5",-0.094
"1012","8/8/2010","CK","I",2,"CKI2","25",0.141
"1013","8/8/2010","CK","I",2,"CKI2","27.5",-0.039
"1014","8/8/2010","CK","I",2,"CKI2","17.5",0.011
"1015","8/8/2010","CK","I",2,"CKI2","20",0.021
"1016","8/8/2010","CK","I",2,"CKI2","22.5",0.016
"1017","8/8/2010","CK","I",2,"CKI2","15",-0.019
"1018","8/8/2010","CK","I",2,"CKI2","12.5",-0.009
"1019","8/8/2010","CK","N",1,"CKN1","5",0.724
"1020","8/8/2010","CK","N",1,"CKN1","7.5",0.824
"1021","8/8/2010","CK","N",1,"CKN1","15",0.504
"1022","8/8/2010","CK","N",1,"CKN1","2.5",0.504
"1023","8/8/2010","CK","N",1,"CKN1","12.5",0.634
"1024","8/8/2010","CK","N",1,"CKN1","10",0.669
"1025","8/8/2010","CK","N",2,"CKN2","30",-0.048
"1026","8/8/2010","CK","N",2,"CKN2","32.5",-0.098
"1027","8/8/2010","CK","N",2,"CKN2","27.5",-0.153
"1028","8/8/2010","CK","N",2,"CKN2","22.5",-0.258
"1029","8/8/2010","CK","N",2,"CKN2","20",-0.288
"1030","8/8/2010","CK","N",2,"CKN2","17.5",-0.348
"1031","8/8/2010","CK","N",2,"CKN2","15",-0.408
"1032","8/8/2010","CK","N",2,"CKN2","35",-0.418
"1033","8/8/2010","CK","N",2,"CKN2","12.5",-0.438
"1034","8/8/2010","CK","N",2,"CKN2","10",-0.478
"1035","8/8/2010","CK","N",2,"CKN2","7.5",-0.528
"1036","8/8/2010","CK","N",2,"CKN2","5",-0.598
"1037","8/8/2010","CK","N",2,"CKN2","2.5",-0.668
"1038","8/8/2010","CK","N",2,"CKN2","37.5",-0.518
"1039","8/8/2010","CK","N",2,"CKN2","25",-0.208
"1040","8/8/2010","CK","N",3,"CKN3","7.5",-0.063
"1041","8/8/2010","CK","N",3,"CKN3","2.5",-0.343
"1042","8/8/2010","CK","N",3,"CKN3","5",-0.133
"1043","8/8/2010","CK","N",3,"CKN3","17.5",-0.183
"1044","8/8/2010","CK","N",3,"CKN3","12.5",0.9305
"1045","8/8/2010","CK","N",3,"CKN3","15",-0.033
"1046","8/8/2010","CK","N",3,"CKN3","10",0.928
"1069","8/8/2010","CK","O",3,"CKO3","30",0.091
"1070","8/8/2010","CK","O",3,"CKO3","27.5",0.051
"1071","8/8/2010","CK","O",3,"CKO3","32.5",-0.029
"1072","8/8/2010","CK","O",3,"CKO3","5",-0.459
"1073","8/8/2010","CK","O",3,"CKO3","25",0.041
"1074","8/8/2010","CK","O",3,"CKO3","7.5",-0.449
"1075","8/8/2010","CK","O",3,"CKO3","22.5",-0.004
"1076","8/8/2010","CK","O",3,"CKO3","15",-0.084
"1077","8/8/2010","CK","O",3,"CKO3","20",-0.029
"1078","8/8/2010","CK","O",3,"CKO3","17.5",-0.089
"1079","8/8/2010","CK","O",3,"CKO3","12.5",-0.029
"1080","8/8/2010","CK","O",3,"CKO3","10",-0.314
"1082","10/25/2010","CR","I",1,"CRI1","10",0.025
"1083","10/25/2010","CR","I",1,"CRI1","7.5",0.09
"1084","10/25/2010","CR","I",1,"CRI1","20",-0.345
"1085","10/25/2010","CR","I",1,"CRI1","17.5",-0.035
"1086","10/25/2010","CR","I",1,"CRI1","5",-0.14
"1087","10/25/2010","CR","I",1,"CRI1","15",0.055
"1088","10/25/2010","CR","I",1,"CRI1","12.5",0.07
"1089","10/25/2010","CR","I",1,"CRI1","23",-0.5
"1090","10/25/2010","CR","I",1,"CRI1","2.5",-0.51
"1091","10/25/2010","CR","I",2,"CRI2","7.5",-0.074
"1092","10/25/2010","CR","I",2,"CRI2","10",-0.054
"1093","10/25/2010","CR","I",2,"CRI2","5",-0.114
"1094","10/25/2010","CR","I",2,"CRI2","18.5",-0.114
"1095","10/25/2010","CR","I",2,"CRI2","12.5",-0.054
"1096","10/25/2010","CR","I",2,"CRI2","15",-0.087
"1097","10/25/2010","CR","I",2,"CRI2","17.5",-0.114
"1098","10/25/2010","CR","I",2,"CRI2","2.5",-0.459
"1099","10/25/2010","CR","I",3,"CRI3","7.5",-0.173
"1100","10/25/2010","CR","I",3,"CRI3","10",-0.108
"1101","10/25/2010","CR","I",3,"CRI3","15",-0.613
"1102","10/25/2010","CR","I",3,"CRI3","12.5",-0.163
"1103","10/25/2010","CR","I",3,"CRI3","2.5",-0.483
"1104","10/25/2010","CR","I",3,"CRI3","5",-0.153
"1105","10/25/2010","CR","N",1,"CRN1","20",-1.0375
"1106","10/25/2010","CR","N",1,"CRN1","10",0.0015
"1107","10/25/2010","CR","N",1,"CRN1","12.5",5e-04
"1108","10/25/2010","CR","N",1,"CRN1","17.5",-1.0225
"1109","10/25/2010","CR","N",1,"CRN1","15",-0.0105
"1110","10/25/2010","CR","N",1,"CRN1","7.5",-0.006
"1111","10/25/2010","CR","N",1,"CRN1","5",-0.9525
"1112","10/25/2010","CR","N",1,"CRN1","2.5",-1.1275
"1113","10/25/2010","CR","N",3,"CRN3","15",0.192
"1114","10/25/2010","CR","N",3,"CRN3","17.5",0.192
"1115","10/25/2010","CR","N",3,"CRN3","20",0.172
"1116","10/25/2010","CR","N",3,"CRN3","22.5",0.092
"1117","10/25/2010","CR","N",3,"CRN3","10",-0.018
"1118","10/25/2010","CR","N",3,"CRN3","35",-0.608
"1119","10/25/2010","CR","N",3,"CRN3","5",-0.353
"1120","10/25/2010","CR","N",3,"CRN3","12.5",0.092
"1121","10/25/2010","CR","N",3,"CRN3","30",-0.368
"1122","10/25/2010","CR","N",3,"CRN3","25",0.042
"1123","10/25/2010","CR","N",3,"CRN3","27.5",-0.018
"1124","10/25/2010","CR","N",3,"CRN3","32.5",-0.468
"1125","10/25/2010","CR","N",3,"CRN3","2.5",-0.528
"1126","10/25/2010","CR","N",3,"CRN3","7.5",-0.268
"1127","10/25/2010","CR","O",1,"CRO1","15",0.388
"1128","10/25/2010","CR","O",1,"CRO1","10",0.248
"1129","10/25/2010","CR","O",1,"CRO1","22.5",0.233
"1130","10/25/2010","CR","O",1,"CRO1","30",0.128
"1131","10/25/2010","CR","O",1,"CRO1","32.5",0.098
"1132","10/25/2010","CR","O",1,"CRO1","35",0.048
"1133","10/25/2010","CR","O",1,"CRO1","37.5",0.038
"1134","10/25/2010","CR","O",1,"CRO1","40",-0.002
"1135","10/25/2010","CR","O",1,"CRO1","42.5",-0.002
"1136","10/25/2010","CR","O",1,"CRO1","45",-0.057
"1137","10/25/2010","CR","O",1,"CRO1","47.5",-0.102
"1138","10/25/2010","CR","O",1,"CRO1","50",-0.162
"1139","10/25/2010","CR","O",1,"CRO1","52.5",-0.162
"1140","10/25/2010","CR","O",1,"CRO1","55",-0.162
"1141","10/25/2010","CR","O",1,"CRO1","57.5",-0.162
"1142","10/25/2010","CR","O",1,"CRO1","2.5",-0.342
"1143","10/25/2010","CR","O",1,"CRO1","20",0.268
"1144","10/25/2010","CR","O",1,"CRO1","25",0.168
"1145","10/25/2010","CR","O",1,"CRO1","17.5",0.348
"1146","10/25/2010","CR","O",1,"CRO1","27.5",0.148
"1147","10/25/2010","CR","O",1,"CRO1","12.5",0.308
"1148","10/25/2010","CR","O",1,"CRO1","7.5",0.098
"1149","10/25/2010","CR","O",1,"CRO1","5",-0.077
"1150","10/25/2010","CR","O",1,"CRO1","60",-0.162
"1151","10/25/2010","CR","O",2,"CRO2","20",0.043
"1152","10/25/2010","CR","O",2,"CRO2","22.5",0.003
"1153","10/25/2010","CR","O",2,"CRO2","2.5",-0.127
"1154","10/25/2010","CR","O",2,"CRO2","17.5",0.068
"1155","10/25/2010","CR","O",2,"CRO2","25",-0.217
"1156","10/25/2010","CR","O",2,"CRO2","15",0.078
"1157","10/25/2010","CR","O",2,"CRO2","7.5",0.193
"1158","10/25/2010","CR","O",2,"CRO2","10",0.098
"1159","10/25/2010","CR","O",2,"CRO2","5",0.083
"1160","10/25/2010","CR","O",2,"CRO2","12.5",0.083
"1161","10/25/2010","CR","O",3,"CRO3","5",-0.098
"1162","10/25/2010","CR","O",3,"CRO3","10",-0.113
"1163","10/25/2010","CR","O",3,"CRO3","12.5",-0.113
"1164","10/25/2010","CR","O",3,"CRO3","15",-0.113
"1165","10/25/2010","CR","O",3,"CRO3","7.5",-0.133
"1166","10/25/2010","CR","O",3,"CRO3","2.5",-0.493
"1167","10/25/2010","CR","O",3,"CRO3","25",-0.513
"1168","10/25/2010","CR","O",3,"CRO3","27.5",-0.543
"1169","10/25/2010","CR","O",3,"CRO3","30",-0.588
"1170","10/25/2010","CR","O",3,"CRO3","35",-0.713
"1171","10/25/2010","CR","O",3,"CRO3","37.5",-0.753
"1172","10/25/2010","CR","O",3,"CRO3","40",-0.783
"1173","10/25/2010","CR","O",3,"CRO3","32.5",-0.643
"1174","10/25/2010","CR","O",3,"CRO3","20",-0.188
"1175","10/25/2010","CR","O",3,"CRO3","22.5",-0.323
"1176","10/25/2010","CR","O",3,"CRO3","17.5",-0.083
"1177","10/25/2010","CR ","N",2,"CRN2","12.5",0.232
"1178","10/25/2010","CR ","N",2,"CRN2","15",-0.128
"1179","10/25/2010","CR ","N",2,"CRN2","17.5",-0.288
"1180","10/25/2010","CR ","N",2,"CRN2","5",-0.438
"1181","10/25/2010","CR ","N",2,"CRN2","7.5",-0.348
"1182","10/25/2010","CR ","N",2,"CRN2","10",-0.023
"1183","10/25/2010","CR ","N",2,"CRN2","22.5",-0.583
"1184","10/25/2010","CR ","N",2,"CRN2","2.5",-0.593
"1185","10/25/2010","CR ","N",2,"CRN2","20",-0.468
"1186","10/25/2010","LC","I",1,"LCI1","20",-0.115
"1187","10/25/2010","LC","I",1,"LCI1","7.5",0.195
"1188","10/25/2010","LC","I",1,"LCI1","10",0.225
"1189","10/25/2010","LC","I",1,"LCI1","15",0.245
"1190","10/25/2010","LC","I",1,"LCI1","17.5",0.18
"1191","10/25/2010","LC","I",1,"LCI1","12.5",0.235
"1192","10/25/2010","LC","I",1,"LCI1","5",0.07
"1193","10/25/2010","LC","I",1,"LCI1","2.5",-0.165
"1194","10/26/2010","LC","I",2,"LCI2","20",-0.087
"1195","10/26/2010","LC","I",2,"LCI2","17.5",0.033
"1196","10/26/2010","LC","I",2,"LCI2","2.5",-0.147
"1197","10/26/2010","LC","I",2,"LCI2","15",0.063
"1198","10/26/2010","LC","I",2,"LCI2","12.5",0.103
"1199","10/26/2010","LC","I",2,"LCI2","10",0.123
"1200","10/26/2010","LC","I",2,"LCI2","7.5",0.123
"1201","10/26/2010","LC","I",2,"LCI2","5",0.073
"1202","10/26/2010","LC","I",3,"LCI3","20",0.109
"1203","10/26/2010","LC","I",3,"LCI3","12.5",0.439
"1204","10/26/2010","LC","I",3,"LCI3","2.5",0.129
"1205","10/26/2010","LC","I",3,"LCI3","17.5",0.309
"1206","10/26/2010","LC","I",3,"LCI3","5",0.389
"1207","10/26/2010","LC","I",3,"LCI3","15",0.419
"1208","10/26/2010","LC","I",3,"LCI3","10",0.439
"1209","10/26/2010","LC","I",3,"LCI3","7.5",0.469
"1210","10/26/2010","LC","N",1,"LCN1","5",-0.023
"1211","10/26/2010","LC","N",1,"LCN1","2.5",-0.093
"1212","10/26/2010","LC","N",1,"LCN1","10",0.062
"1213","10/26/2010","LC","N",1,"LCN1","7.5",-0.003
"1214","10/26/2010","LC","N",1,"LCN1","12.3",0.062
"1215","10/26/2010","LC","N",2,"LCN2","12.5",0.236
"1216","10/26/2010","LC","N",2,"LCN2","10",0.226
"1217","10/26/2010","LC","N",2,"LCN2","7.5",0.196
"1218","10/26/2010","LC","N",2,"LCN2","5",0.106
"1219","10/26/2010","LC","N",2,"LCN2","2.5",0.071
"1220","10/26/2010","LC","N",2,"LCN2","17.5",0.106
"1221","10/26/2010","LC","N",2,"LCN2","15",0.266
"1222","10/26/2010","LC","N",3,"LCN6","17.5",-0.19
"1223","10/26/2010","LC","N",3,"LCN6","10",-0.01
"1224","10/26/2010","LC","N",3,"LCN6","12.5",-0.04
"1225","10/26/2010","LC","N",3,"LCN6","15",-0.08
"1226","10/26/2010","LC","N",3,"LCN6","5",-0.28
"1227","10/26/2010","LC","N",3,"LCN6","7.5",-0.1
"1228","10/26/2010","LC","N",3,"LCN6","20",-0.3
"1229","10/26/2010","LC","N",3,"LCN6","22.5",-0.35
"1230","10/26/2010","LC","N",3,"LCN6","25",-0.41
"1231","10/26/2010","LC","N",3,"LCN6","2.5",-0.61
"1263","10/27/2010","HB","I",1,"HBI1","5",-0.245
"1264","10/27/2010","HB","I",1,"HBI1","2.5",-0.535
"1265","10/27/2010","HB","I",1,"HBI1","7.5",-0.135
"1266","10/27/2010","HB","I",1,"HBI1","10",-0.07
"1267","10/27/2010","HB","I",1,"HBI1","20",-0.015
"1268","10/27/2010","HB","I",1,"HBI1","22.5",-0.025
"1269","10/27/2010","HB","I",1,"HBI1","12.5",-0.05
"1270","10/27/2010","HB","I",1,"HBI1","15",-0.025
"1271","10/27/2010","HB","I",1,"HBI1","25",-0.03
"1272","10/27/2010","HB","I",1,"HBI1","30",-0.125
"1273","10/27/2010","HB","I",1,"HBI1","32.5",-0.335
"1274","10/27/2010","HB","I",1,"HBI1","17.5",-0.015
"1275","10/27/2010","HB","I",1,"HBI1","27.5",-0.055
"1276","10/27/2010","HB","I",2,"HBI2","17.5",-0.393
"1277","10/27/2010","HB","I",2,"HBI2","2.5",-0.253
"1278","10/27/2010","HB","I",2,"HBI2","7.5",-0.058
"1279","10/27/2010","HB","I",2,"HBI2","10",-0.053
"1280","10/27/2010","HB","I",2,"HBI2","15",-0.213
"1281","10/27/2010","HB","I",2,"HBI2","12.5",-0.093
"1282","10/27/2010","HB","I",2,"HBI2","5",-0.083
"1283","10/27/2010","HB","I",3,"HBI3","25.5",-0.472
"1284","10/27/2010","HB","I",3,"HBI3","2.5",-0.572
"1285","10/27/2010","HB","I",3,"HBI3","25",-0.472
"1286","10/27/2010","HB","I",3,"HBI3","20",-0.002
"1287","10/27/2010","HB","I",3,"HBI3","15",0.098
"1288","10/27/2010","HB","I",3,"HBI3","22.5",-0.152
"1289","10/27/2010","HB","I",3,"HBI3","17.5",0.088
"1290","10/27/2010","HB","I",3,"HBI3","12.5",0.063
"1291","10/27/2010","HB","I",3,"HBI3","5",-0.352
"1292","10/27/2010","HB","I",3,"HBI3","7.5",-0.162
"1293","10/27/2010","HB","I",3,"HBI3","10",0.048
"1294","10/27/2010","HB","N",1,"HBN1","5",-0.46
"1295","10/27/2010","HB","N",1,"HBN1","18",-0.6
"1296","10/27/2010","HB","N",1,"HBN1","2.5",-0.565
"1297","10/27/2010","HB","N",1,"HBN1","17.5",-0.6
"1298","10/27/2010","HB","N",1,"HBN1","12.5",-0.45
"1299","10/27/2010","HB","N",1,"HBN1","15",-0.58
"1300","10/27/2010","HB","N",1,"HBN1","10",-0.445
"1301","10/27/2010","HB","N",1,"HBN1","7.5",-0.48
"1302","10/27/2010","HB","N",2,"HBN2","20",-0.436
"1303","10/27/2010","HB","N",2,"HBN2","22.5",-0.441
"1304","10/27/2010","HB","N",2,"HBN2","15",-0.496
"1305","10/27/2010","HB","N",2,"HBN2","17.5",-0.496
"1306","10/27/2010","HB","N",2,"HBN2","5",-0.591
"1307","10/27/2010","HB","N",2,"HBN2","2.5",-0.626
"1308","10/27/2010","HB","N",2,"HBN2","25",-0.666
"1309","10/27/2010","HB","N",2,"HBN2","7.5",-0.566
"1310","10/27/2010","HB","N",2,"HBN2","12.5",-0.536
"1311","10/27/2010","HB","N",2,"HBN2","10",-0.551
"1312","10/27/2010","HB","N",3,"HBN3","16.5",-0.661
"1313","10/27/2010","HB","N",3,"HBN3","2.5",-0.711
"1314","10/27/2010","HB","N",3,"HBN3","7.5",-0.511
"1315","10/27/2010","HB","N",3,"HBN3","15",-0.661
"1316","10/27/2010","HB","N",3,"HBN3","5",-0.576
"1317","10/27/2010","HB","N",3,"HBN3","12.5",-0.551
"1318","10/27/2010","HB","N",3,"HBN3","10",-0.491
"1319","10/27/2010","HB","O",1,"HBO1","2.5",-0.525
"1320","10/27/2010","HB","O",1,"HBO1","32.5",-0.525
"1321","10/27/2010","HB","O",1,"HBO1","5",-0.53
"1322","10/27/2010","HB","O",1,"HBO1","30",-0.545
"1323","10/27/2010","HB","O",1,"HBO1","27.5",-0.555
"1324","10/27/2010","HB","O",1,"HBO1","25",-0.605
"1325","10/27/2010","HB","O",1,"HBO1","22.5",-0.745
"1326","10/27/2010","HB","O",1,"HBO1","12.5",-0.765
"1327","10/27/2010","HB","O",1,"HBO1","7.5",-0.505
"1328","10/27/2010","HB","O",1,"HBO1","10",-0.575
"1329","10/27/2010","HB","O",1,"HBO1","17.5",-0.915
"1330","10/27/2010","HB","O",1,"HBO1","20",-0.855
"1331","10/27/2010","HB","O",1,"HBO1","15",-0.915
"1340","12/6/2010","CR","I",1,"CRI1","25",-0.64
"1341","12/6/2010","CR","I",1,"CRI1","22.5",-0.5
"1342","12/6/2010","CR","I",1,"CRI1","10",0.025
"1343","12/6/2010","CR","I",1,"CRI1","2.5",-0.51
"1344","12/6/2010","CR","I",1,"CRI1","7.5",0.09
"1345","12/6/2010","CR","I",1,"CRI1","15",0.055
"1346","12/6/2010","CR","I",1,"CRI1","20",-0.345
"1347","12/6/2010","CR","I",1,"CRI1","12.5",0.07
"1348","12/6/2010","CR","I",1,"CRI1","17.5",-0.035
"1349","12/6/2010","CR","I",1,"CRI1","5",-0.14
"1350","12/6/2010","CR","I",2,"CRI2","12.5",-0.054
"1351","12/6/2010","CR","I",2,"CRI2","10",-0.054
"1352","12/6/2010","CR","I",2,"CRI2","15",-0.087
"1353","12/6/2010","CR","I",2,"CRI2","17.5",-0.114
"1354","12/6/2010","CR","I",2,"CRI2","7.5",-0.074
"1355","12/6/2010","CR","I",2,"CRI2","18.6",-0.114
"1356","12/6/2010","CR","I",2,"CRI2","5",-0.114
"1357","12/6/2010","CR","I",2,"CRI2","2.5",-0.459
"1358","12/6/2010","CR","I",3,"CRI3","10",-0.108
"1359","12/6/2010","CR","I",3,"CRI3","7.5",-0.173
"1360","12/6/2010","CR","I",3,"CRI3","15",-0.613
"1361","12/6/2010","CR","I",3,"CRI3","2.5",-0.483
"1362","12/6/2010","CR","I",3,"CRI3","12.5",-0.163
"1363","12/6/2010","CR","I",3,"CRI3","5",-0.153
"1364","12/6/2010","CR","N",1,"CRN1","10",0.0015
"1365","12/6/2010","CR","N",1,"CRN1","12.5",5e-04
"1366","12/6/2010","CR","N",1,"CRN1","7.5",-0.006
"1367","12/6/2010","CR","N",1,"CRN1","15",-0.0105
"1368","12/6/2010","CR","N",1,"CRN1","17.5",-1.0225
"1369","12/6/2010","CR","N",1,"CRN1","5",-0.9525
"1370","12/6/2010","CR","N",1,"CRN1","2.5",-1.1275
"1371","12/6/2010","CR","N",3,"CRN3","15",0.192
"1372","12/6/2010","CR","N",3,"CRN3","17.5",0.192
"1373","12/6/2010","CR","N",3,"CRN3","20",0.172
"1374","12/6/2010","CR","N",3,"CRN3","12.5",0.092
"1375","12/6/2010","CR","N",3,"CRN3","25",0.042
"1376","12/6/2010","CR","N",3,"CRN3","30",-0.368
"1377","12/6/2010","CR","N",3,"CRN3","35",-0.608
"1378","12/6/2010","CR","N",3,"CRN3","22.5",0.092
"1379","12/6/2010","CR","N",3,"CRN3","7.5",-0.268
"1380","12/6/2010","CR","N",3,"CRN3","10",-0.018
"1381","12/6/2010","CR","N",3,"CRN3","5",-0.353
"1382","12/6/2010","CR","N",3,"CRN3","2.5",-0.528
"1383","12/6/2010","CR","N",3,"CRN3","27.5",-0.018
"1384","12/6/2010","CR","N",3,"CRN3","32.5",-0.468
"1385","12/6/2010","CR","O",1,"CRO1","15",0.388
"1386","12/6/2010","CR","O",1,"CRO1","17.5",0.348
"1387","12/6/2010","CR","O",1,"CRO1","12.5",0.308
"1388","12/6/2010","CR","O",1,"CRO1","20",0.268
"1389","12/6/2010","CR","O",1,"CRO1","10",0.248
"1390","12/6/2010","CR","O",1,"CRO1","22.5",0.233
"1391","12/6/2010","CR","O",1,"CRO1","27.5",0.148
"1392","12/6/2010","CR","O",1,"CRO1","35",0.048
"1393","12/6/2010","CR","O",1,"CRO1","37.5",0.038
"1394","12/6/2010","CR","O",1,"CRO1","42.5",-0.002
"1395","12/6/2010","CR","O",1,"CRO1","45",-0.057
"1396","12/6/2010","CR","O",1,"CRO1","50",-0.162
"1397","12/6/2010","CR","O",1,"CRO1","57.5",-0.162
"1398","12/6/2010","CR","O",1,"CRO1","65",-0.162
"1399","12/6/2010","CR","O",1,"CRO1","30",0.128
"1400","12/6/2010","CR","O",1,"CRO1","40",-0.002
"1401","12/6/2010","CR","O",1,"CRO1","47.5",-0.102
"1402","12/6/2010","CR","O",1,"CRO1","32.5",0.098
"1403","12/6/2010","CR","O",1,"CRO1","52.5",-0.162
"1404","12/6/2010","CR","O",1,"CRO1","55",-0.162
"1405","12/6/2010","CR","O",1,"CRO1","7.5",0.098
"1406","12/6/2010","CR","O",1,"CRO1","25",0.168
"1407","12/6/2010","CR","O",1,"CRO1","60",-0.162
"1408","12/6/2010","CR","O",1,"CRO1","62.5",-0.162
"1409","12/6/2010","CR","O",1,"CRO1","2.5",-0.342
"1410","12/6/2010","CR","O",1,"CRO1","5",-0.077
"1411","12/6/2010","CR","O",2,"CRO2","10",0.098
"1412","12/6/2010","CR","O",2,"CRO2","2.5",-0.127
"1413","12/6/2010","CR","O",2,"CRO2","40",-0.217
"1414","12/6/2010","CR","O",2,"CRO2","42.5",-0.217
"1415","12/6/2010","CR","O",2,"CRO2","45",-0.217
"1416","12/6/2010","CR","O",2,"CRO2","5",0.083
"1417","12/6/2010","CR","O",2,"CRO2","7.5",0.193
"1418","12/6/2010","CR","O",2,"CRO2","12.5",0.083
"1419","12/6/2010","CR","O",2,"CRO2","35",-0.217
"1420","12/6/2010","CR","O",2,"CRO2","15",0.078
"1421","12/6/2010","CR","O",2,"CRO2","32.5",-0.217
"1422","12/6/2010","CR","O",2,"CRO2","22.5",0.003
"1423","12/6/2010","CR","O",2,"CRO2","17.5",0.068
"1424","12/6/2010","CR","O",2,"CRO2","27.5",-0.217
"1425","12/6/2010","CR","O",2,"CRO2","37.5",-0.217
"1426","12/6/2010","CR","O",2,"CRO2","20",0.043
"1427","12/6/2010","CR","O",2,"CRO2","25",-0.217
"1428","12/6/2010","CR","O",2,"CRO2","30",-0.217
"1429","12/6/2010","CR","O",3,"CRO3","17.5",-0.083
"1430","12/6/2010","CR","O",3,"CRO3","5",-0.098
"1431","12/6/2010","CR","O",3,"CRO3","10",-0.113
"1432","12/6/2010","CR","O",3,"CRO3","15",-0.113
"1433","12/6/2010","CR","O",3,"CRO3","2.5",-0.493
"1434","12/6/2010","CR","O",3,"CRO3","27.5",-0.543
"1435","12/6/2010","CR","O",3,"CRO3","30",-0.588
"1436","12/6/2010","CR","O",3,"CRO3","35",-0.713
"1437","12/6/2010","CR","O",3,"CRO3","37.5",-0.753
"1438","12/6/2010","CR","O",3,"CRO3","40",-0.783
"1439","12/6/2010","CR","O",3,"CRO3","25",-0.513
"1440","12/6/2010","CR","O",3,"CRO3","7.5",-0.133
"1441","12/6/2010","CR","O",3,"CRO3","32.5",-0.643
"1442","12/6/2010","CR","O",3,"CRO3","12.5",-0.113
"1443","12/6/2010","CR","O",3,"CRO3","20",-0.188
"1444","12/6/2010","CR","O",3,"CRO3","22.5",-0.323
"1445","12/6/2010","CR ","N",2,"CRN2","10",-0.023
"1446","12/6/2010","CR ","N",2,"CRN2","15",-0.128
"1447","12/6/2010","CR ","N",2,"CRN2","7.5",-0.348
"1448","12/6/2010","CR ","N",2,"CRN2","21.64",-0.468
"1449","12/6/2010","CR ","N",2,"CRN2","12.5",0.232
"1450","12/6/2010","CR ","N",2,"CRN2","5",-0.438
"1451","12/6/2010","CR ","N",2,"CRN2","20",-0.468
"1452","12/6/2010","CR ","N",2,"CRN2","17.5",-0.288
"1453","12/6/2010","CR ","N",2,"CRN2","2.5",-0.593
"1454","12/7/2010","LC","I",1,"LCI1","20",-0.115
"1455","12/7/2010","LC","I",1,"LCI1","7.5",0.195
"1456","12/7/2010","LC","I",1,"LCI1","2.5",-0.165
"1457","12/7/2010","LC","I",1,"LCI1","12.5",0.235
"1458","12/7/2010","LC","I",1,"LCI1","10",0.225
"1459","12/7/2010","LC","I",1,"LCI1","5",0.07
"1460","12/7/2010","LC","I",1,"LCI1","17.5",0.18
"1461","12/7/2010","LC","I",1,"LCI1","15",0.245
"1462","12/7/2010","LC","I",2,"LCI2","20.29",-0.087
"1463","12/7/2010","LC","I",2,"LCI2","20",-0.087
"1464","12/7/2010","LC","I",2,"LCI2","2.5",-0.147
"1465","12/7/2010","LC","I",2,"LCI2","7.5",0.123
"1466","12/7/2010","LC","I",2,"LCI2","12.5",0.103
"1467","12/7/2010","LC","I",2,"LCI2","17.5",0.033
"1468","12/7/2010","LC","I",2,"LCI2","5",0.073
"1469","12/7/2010","LC","I",2,"LCI2","10",0.123
"1470","12/7/2010","LC","I",2,"LCI2","15",0.063
"1471","12/7/2010","LC","I",3,"LCI3","20",0.109
"1472","12/7/2010","LC","I",3,"LCI3","2.5",0.129
"1473","12/7/2010","LC","I",3,"LCI3","5",0.389
"1474","12/7/2010","LC","I",3,"LCI3","7.5",0.469
"1475","12/7/2010","LC","I",3,"LCI3","10",0.439
"1476","12/7/2010","LC","I",3,"LCI3","17.5",0.309
"1477","12/7/2010","LC","I",3,"LCI3","12.5",0.439
"1478","12/7/2010","LC","I",3,"LCI3","15",0.419
"1479","12/7/2010","LC","N",1,"LCN1","10",0.062
"1480","12/7/2010","LC","N",1,"LCN1","12.3",0.062
"1481","12/7/2010","LC","N",1,"LCN1","7.5",-0.003
"1482","12/7/2010","LC","N",1,"LCN1","5",-0.023
"1483","12/7/2010","LC","N",1,"LCN1","2.5",-0.093
"1484","12/7/2010","LC","N",2,"LCN2","15",0.266
"1485","12/7/2010","LC","N",2,"LCN2","5",0.106
"1486","12/7/2010","LC","N",2,"LCN2","17.7",0.106
"1487","12/7/2010","LC","N",2,"LCN2","2.5",0.071
"1488","12/7/2010","LC","N",2,"LCN2","7.5",0.196
"1489","12/7/2010","LC","N",2,"LCN2","12.5",0.236
"1490","12/7/2010","LC","N",2,"LCN2","10",0.226
"1491","12/7/2010","LC","N",3,"LCN6","10",-0.01
"1492","12/7/2010","LC","N",3,"LCN6","12.5",-0.04
"1493","12/7/2010","LC","N",3,"LCN6","22.5",-0.35
"1494","12/7/2010","LC","N",3,"LCN6","27.5",-0.445
"1495","12/7/2010","LC","N",3,"LCN6","30",-0.52
"1496","12/7/2010","LC","N",3,"LCN6","32.6",-0.6
"1497","12/7/2010","LC","N",3,"LCN6","2.5",-0.61
"1498","12/7/2010","LC","N",3,"LCN6","7.5",-0.1
"1499","12/7/2010","LC","N",3,"LCN6","17.5",-0.19
"1500","12/7/2010","LC","N",3,"LCN6","25",-0.41
"1501","12/7/2010","LC","N",3,"LCN6","15",-0.08
"1502","12/7/2010","LC","N",3,"LCN6","5",-0.28
"1503","12/7/2010","LC","N",3,"LCN6","20",-0.3
"1535","12/8/2010","HB","I",1,"HBI1","5",-0.245
"1536","12/8/2010","HB","I",1,"HBI1","10",-0.07
"1537","12/8/2010","HB","I",1,"HBI1","15",-0.025
"1538","12/8/2010","HB","I",1,"HBI1","20",-0.015
"1539","12/8/2010","HB","I",1,"HBI1","17.5",-0.015
"1540","12/8/2010","HB","I",1,"HBI1","7.5",-0.135
"1541","12/8/2010","HB","I",1,"HBI1","25",-0.03
"1542","12/8/2010","HB","I",1,"HBI1","2.5",-0.535
"1543","12/8/2010","HB","I",1,"HBI1","12.5",-0.05
"1544","12/8/2010","HB","I",1,"HBI1","22.5",-0.025
"1545","12/8/2010","HB","I",1,"HBI1","27.5",-0.055
"1546","12/8/2010","HB","I",1,"HBI1","30",-0.125
"1547","12/8/2010","HB","I",1,"HBI1","32.5",-0.335
"1548","12/8/2010","HB","I",2,"HBI2","17.5",-0.393
"1549","12/8/2010","HB","I",2,"HBI2","7.5",-0.058
"1550","12/8/2010","HB","I",2,"HBI2","2.5",-0.253
"1551","12/8/2010","HB","I",2,"HBI2","5",-0.083
"1552","12/8/2010","HB","I",2,"HBI2","12.5",-0.093
"1553","12/8/2010","HB","I",2,"HBI2","10",-0.053
"1554","12/8/2010","HB","I",2,"HBI2","15",-0.213
"1555","12/8/2010","HB","I",3,"HBI3","26",-0.472
"1556","12/8/2010","HB","I",3,"HBI3","22.5",-0.152
"1557","12/8/2010","HB","I",3,"HBI3","17.5",0.088
"1558","12/8/2010","HB","I",3,"HBI3","20",-0.002
"1559","12/8/2010","HB","I",3,"HBI3","25",-0.472
"1560","12/8/2010","HB","I",3,"HBI3","2.5",-0.572
"1561","12/8/2010","HB","I",3,"HBI3","5",-0.352
"1562","12/8/2010","HB","I",3,"HBI3","7.5",-0.162
"1563","12/8/2010","HB","I",3,"HBI3","12.5",0.063
"1564","12/8/2010","HB","I",3,"HBI3","15",0.098
"1565","12/8/2010","HB","I",3,"HBI3","10",0.048
"1566","12/8/2010","HB","N",1,"HBN1","5",-0.46
"1567","12/8/2010","HB","N",1,"HBN1","2.5",-0.565
"1568","12/8/2010","HB","N",1,"HBN1","18.1",-0.6
"1569","12/8/2010","HB","N",1,"HBN1","12.5",-0.45
"1570","12/8/2010","HB","N",1,"HBN1","10",-0.445
"1571","12/8/2010","HB","N",1,"HBN1","15",-0.58
"1572","12/8/2010","HB","N",1,"HBN1","7.5",-0.48
"1573","12/8/2010","HB","N",2,"HBN2","20",-0.436
"1574","12/8/2010","HB","N",2,"HBN2","22.5",-0.441
"1575","12/8/2010","HB","N",2,"HBN2","15",-0.496
"1576","12/8/2010","HB","N",2,"HBN2","17.5",-0.496
"1577","12/8/2010","HB","N",2,"HBN2","10",-0.551
"1578","12/8/2010","HB","N",2,"HBN2","5",-0.591
"1579","12/8/2010","HB","N",2,"HBN2","2.5",-0.626
"1580","12/8/2010","HB","N",2,"HBN2","7.5",-0.566
"1581","12/8/2010","HB","N",2,"HBN2","12.5",-0.536
"1598","12/8/2010","HB","O",1,"HBO1","7.5",-0.505
"1599","12/8/2010","HB","O",1,"HBO1","2.5",-0.525
"1600","12/8/2010","HB","O",1,"HBO1","31.2",-0.525
"1601","12/8/2010","HB","O",1,"HBO1","5",-0.53
"1602","12/8/2010","HB","O",1,"HBO1","10",-0.575
"1603","12/8/2010","HB","O",1,"HBO1","22.5",-0.745
"1604","12/8/2010","HB","O",1,"HBO1","15",-0.915
"1605","12/8/2010","HB","O",1,"HBO1","27.5",-0.555
"1606","12/8/2010","HB","O",1,"HBO1","25",-0.605
"1607","12/8/2010","HB","O",1,"HBO1","20",-0.855
"1608","12/8/2010","HB","O",1,"HBO1","17.5",-0.915
"1609","12/8/2010","HB","O",1,"HBO1","30",-0.545
"1610","12/8/2010","HB","O",1,"HBO1","12.5",-0.765
